,Наименование,ИНН,Телефон
0,"МУНИЦИПАЛЬНОЕ КАЗЕННОЕ ПРЕДПРИЯТИЕ ГОРОДА БЛАГОВЕЩЕНСКА ""КОМБИНАТ ШКОЛЬНОГО ПИТАНИЯ""",2801167816,+7 (924) 6729020
1,"
КРАЕВОЕ ГОСУДАРСТВЕННОЕ БЮДЖЕТНОЕ УЧРЕЖДЕНИЕ ЗДРАВООХРАНЕНИЯ ""ПСИХИАТРИЧЕСКАЯ БОЛЬНИЦА Г. КОМСОМОЛЬСКА-НА-АМУРЕ"" МИНИСТЕРСТВА ЗДРАВООХРАНЕНИЯ ХАБАРОВСКОГО КРАЯ
",2727025996,+7 (4217) 544906
2,"МУНИЦИПАЛЬНОЕ АВТОНОМНОЕ УЧРЕЖДЕНИЕ ""СПОРТИВНАЯ ШКОЛА ОЛИМПИЙСКОГО РЕЗЕРВА ""КРАСНЫЙ ЯР""",2460084660,+7 (391) 2219283
3,"МУНИЦИПАЛЬНОЕ АВТОНОМНОЕ УЧРЕЖДЕНИЕ ""СПОРТИВНАЯ ШКОЛА ОЛИМПИЙСКОГО РЕЗЕРВА ""КРАСНЫЙ ЯР""",2460084660,+7 (391) 2219283
4,"
МУНИЦИПАЛЬНОЕ АВТОНОМНОЕ ДОШКОЛЬНОЕ ОБРАЗОВАТЕЛЬНОЕ УЧРЕЖДЕНИЕ ""ДЕТСКИЙ САД КОМБИНИРОВАННОГО ВИДА №26 ""КОРАБЛИК""
",5445100457,83834135096
5,"КРАЕВОЕ ГОСУДАРСТВЕННОЕ АВТОНОМНОЕ ПРОФЕССИОНАЛЬНОЕ ОБРАЗОВАТЕЛЬНОЕ УЧРЕЖДЕНИЕ ""КРАСНОЯРСКИЙ КОЛЛЕДЖ СФЕРЫ УСЛУГ И ПРЕДПРИНИМАТЕЛЬСТВА""",2465041099,+7 (391) 2240652
6,АО «Сбербанк-АСТ» (УТП),2522010741,84234456389
7,"
ГОСУДАРСТВЕННОЕ АВТОНОМНОЕ УЧРЕЖДЕНИЕ ЗДРАВООХРАНЕНИЯ АМУРСКОЙ ОБЛАСТИ ""КОНСТАНТИНОВСКАЯ БОЛЬНИЦА""
",2817000192,79098177759
8,"
ГОСУДАРСТВЕННОЕ АВТОНОМНОЕ УЧРЕЖДЕНИЕ ЗДРАВООХРАНЕНИЯ АМУРСКОЙ ОБЛАСТИ ""КОНСТАНТИНОВСКАЯ БОЛЬНИЦА""
",2817000192,79098177759
9,"
АКЦИОНЕРНОЕ ОБЩЕСТВО ""ТАЙМЫРБЫТ""
",8401011170,39191 58701
10,"КРАЕВОЕ ГОСУДАРСТВЕННОЕ АВТОНОМНОЕ ПРОФЕССИОНАЛЬНОЕ ОБРАЗОВАТЕЛЬНОЕ УЧРЕЖДЕНИЕ ""КРАСНОЯРСКИЙ КОЛЛЕДЖ СФЕРЫ УСЛУГ И ПРЕДПРИНИМАТЕЛЬСТВА""",2465041099,+7 (391) 2240652
11,АО «Сбербанк-АСТ» (УТП),2522010741,84234456389
12,"
ГОСУДАРСТВЕННОЕ АВТОНОМНОЕ УЧРЕЖДЕНИЕ ЗДРАВООХРАНЕНИЯ АМУРСКОЙ ОБЛАСТИ ""КОНСТАНТИНОВСКАЯ БОЛЬНИЦА""
",2817000192,79098177759
13,"
ФЕДЕРАЛЬНОЕ ГОСУДАРСТВЕННОЕ БЮДЖЕТНОЕ УЧРЕЖДЕНИЕ ЗДРАВООХРАНЕНИЯ МЕДИЦИНСКОЕ ОБЪЕДИНЕНИЕ ДАЛЬНЕВОСТОЧНОГО ОТДЕЛЕНИЯ РОССИЙСКОЙ АКАДЕМИИ НАУК
",2539017287,74232310901
14,"
ГОСУДАРСТВЕННОЕ АВТОНОМНОЕ УЧРЕЖДЕНИЕ ЗДРАВООХРАНЕНИЯ АМУРСКОЙ ОБЛАСТИ ""КОНСТАНТИНОВСКАЯ БОЛЬНИЦА""
",2817000192,79098177759
15,"
АКЦИОНЕРНОЕ ОБЩЕСТВО ""ТАЙМЫРБЫТ""
",8401011170,39191 58701
16,"
АКЦИОНЕРНОЕ ОБЩЕСТВО ""РИК АВТОДОР""
",1419005577,74112318832
17,АО «Сбербанк-АСТ» (УТП),5433970745,89137098847
18,www.rts-tender.ru,2807006090,84164354734
19,АО «Сбербанк-АСТ» (УТП),8700000466,42722 28580
20,РТС-тендер,2801118992,13.09.2022 00:00 (МСК+6)
21,"ОБЩЕСТВО С ОГРАНИЧЕННОЙ ОТВЕТСТВЕННОСТЬЮ  ""ЭНЕРГЕТИЧЕСКИЕ СИСТЕМЫ СИБИРИ""",7714490113,+7 (980) 1452926
22,www.rts-tender.ru,2807006090,84164354734
23,"ОБЩЕСТВО С ОГРАНИЧЕННОЙ ОТВЕТСТВЕННОСТЬЮ  ""ЭНЕРГЕТИЧЕСКИЕ СИСТЕМЫ СИБИРИ""",7714490113,+7 (980) 1452926
24,АО «Сбербанк-АСТ» (УТП),8700000466,42722 28580
25,РТС-тендер,2801118992,13.09.2022 00:00 (МСК+6)
26,"
КРАЕВОЕ ГОСУДАРСТВЕННОЕ АВТОНОМНОЕ УЧРЕЖДЕНИЕ ""ХАБАРОВСКАЯ КРАЕВАЯ СПОРТИВНАЯ ШКОЛА ОЛИМПИЙСКОГО РЕЗЕРВА""
",2721068961,74212789741
27,"
ОБЩЕСТВО С ОГРАНИЧЕННОЙ ОТВЕТСТВЕННОСТЬЮ ""УПРАВЛЕНИЕ ТЕПЛОВЫХ СИСТЕМ""
",4205369653,13.09.2022 00:00 (МСК+4)
28,"ОБЩЕСТВО С ОГРАНИЧЕННОЙ ОТВЕТСТВЕННОСТЬЮ  ""ЭНЕРГЕТИЧЕСКИЕ СИСТЕМЫ СИБИРИ""",7714490113,+7 (980) 1452926
29,"АКЦИОНЕРНОЕ ОБЩЕСТВО ""РИК АВТОДОР""",1419005577,+7 (4112) 318832
30,"
ГОСУДАРСТВЕННОЕ АВТОНОМНОЕ ПРОФЕССИОНАЛЬНОЕ ОБРАЗОВАТЕЛЬНОЕ УЧРЕЖДЕНИЕ ИРКУТСКОЙ ОБЛАСТИ ""ИРКУТСКИЙ КОЛЛЕДЖ ЭКОНОМИКИ, СЕРВИСА И ТУРИЗМА""
",3812120875,8 3952 468001  111
31,РТС-тендер,7017264879,+7 (3822) 701669
32,"МУНИЦИПАЛЬНОЕ АВТОНОМНОЕ ОБЩЕОБРАЗОВАТЕЛЬНОЕ УЧРЕЖДЕНИЕ ""СРЕДНЯЯ ОБЩЕОБРАЗОВАТЕЛЬНАЯ ШКОЛА № 108"" Г.ПЕРМИ",5905006375,+2799 (342) 2262799
33,"
МУНИЦИПАЛЬНОЕ АВТОНОМНОЕ УЧРЕЖДЕНИЕ СУРГУТСКОГО РАЙОНА ""РАЙОННЫЙ МОЛОДЁЖНЫЙ ЦЕНТР""
",8617017143,+7 (3462) 550718
34,"АКЦИОНЕРНОЕ ОБЩЕСТВО ""РИК АВТОДОР""",1419005577,+7 (4112) 318832
35,"МУНИЦИПАЛЬНОЕ АВТОНОМНОЕ УЧРЕЖДЕНИЕ КУЛЬТУРЫ БЕЛОЯРСКОГО РАЙОНА ""ЦЕНТР КУЛЬТУРЫ И ДОСУГА, КОНЦЕРТНЫЙ ЗАЛ ""КАМЕРТОН""",8611001147,+8 (34670) 23791
36,ЭТП «Торги 223»,5260172917,+7 (999) 9999999
37,"
МУНИЦИПАЛЬНОЕ АВТОНОМНОЕ УЧРЕЖДЕНИЕ СУРГУТСКОГО РАЙОНА ""РАЙОННЫЙ МОЛОДЁЖНЫЙ ЦЕНТР""
",8617017143,+7 (3462) 550718
38,"ГОСУДАРСТВЕННОЕ АВТОНОМНОЕ УЧРЕЖДЕНИЕ КУЛЬТУРЫ ""ОРЕНБУРГСКАЯ ОБЛАСТНАЯ ФИЛАРМОНИЯ""",5612019857,+643 (3532) 729043
39,"КРАЕВОЕ ГОСУДАРСТВЕННОЕ АВТОНОМНОЕ УЧРЕЖДЕНИЕ ""КРАЕВОЙ МОЛОДЕЖНЫЙ ЦЕНТР СОЦИАЛЬНОГО ВОСПИТАНИЯ И ЗДОРОВЬЯ""",2721055803,"+8 (4212) 569515, доб.: 110"
40,"ГОСУДАРСТВЕННОЕ АВТОНОМНОЕ УЧРЕЖДЕНИЕ ЗДРАВООХРАНЕНИЯ ""ЗАБАЙКАЛЬСКИЙ КРАЕВОЙ НАРКОЛОГИЧЕСКИЙ ДИСПАНСЕР""",7534000472,"+7 (3022) 311302, доб.: 153"
41,"АКЦИОНЕРНОЕ ОБЩЕСТВО ""ПТИЦЕФАБРИКА ""СВЕРДЛОВСКАЯ""",6672350180,+7 (343) 2207100
42,"МУНИЦИПАЛЬНОЕ АВТОНОМНОЕ ОБЩЕОБРАЗОВАТЕЛЬНОЕ УЧРЕЖДЕНИЕ ""КУЛТАЕВСКАЯ СРЕДНЯЯ ШКОЛА""",5948014606,+7 (342) 2948257
43,ЭЛЕКТРОННАЯ ТОРГОВАЯ ПЛОЩАДКА РЕГИОН,8901012574,73492232330
44,РТС-тендер,1435099188,13.09.2022 00:00 (МСК+6)
45,РТС-тендер,7534000472,7 3022 311302  153
46,"
МУНИЦИПАЛЬНОЕ АВТОНОМНОЕ ДОШКОЛЬНОЕ ОБРАЗОВАТЕЛЬНОЕ УЧРЕЖДЕНИЕ ""ДЕТСКИЙ САД № 424 Г. ЧЕЛЯБИНСКА""
",7448020108,83517424834
47,ЭТП «Торги 223»,5260172917,+7 (999) 9999999
48,АО «Сбербанк-АСТ» (УТП),6661003273,73432049555
49,"
МУНИЦИПАЛЬНОЕ АВТОНОМНОЕ УЧРЕЖДЕНИЕ СУРГУТСКОГО РАЙОНА ""РАЙОННЫЙ МОЛОДЁЖНЫЙ ЦЕНТР""
",8617017143,+7 (3462) 550718
50,"МУНИЦИПАЛЬНОЕ АВТОНОМНОЕ УЧРЕЖДЕНИЕ КУЛЬТУРЫ ""РАЙОННЫЙ ДВОРЕЦ КУЛЬТУРЫ ""ГЕОЛОГ""",8911032192,+7 (34997) 24033
51,"ГОСУДАРСТВЕННОЕ АВТОНОМНОЕ УЧРЕЖДЕНИЕ КУЛЬТУРЫ ""ОРЕНБУРГСКАЯ ОБЛАСТНАЯ ФИЛАРМОНИЯ""",5612019857,+643 (3532) 729043
52,"
МУНИЦИПАЛЬНОЕ АВТОНОМНОЕ УЧРЕЖДЕНИЕ ""ДИРЕКЦИЯ СПОРТИВНЫХ СООРУЖЕНИЙ ГОРОДА ХАБАРОВСКА""
",2722078923,+8 (4212) 469686
53,"МУНИЦИПАЛЬНОЕ АВТОНОМНОЕ УЧРЕЖДЕНИЕ КУЛЬТУРЫ БЕЛОЯРСКОГО РАЙОНА ""ЦЕНТР КУЛЬТУРЫ И ДОСУГА, КОНЦЕРТНЫЙ ЗАЛ ""КАМЕРТОН""",8611001147,+8 (34670) 23791
54,ЭТП «Торги 223»,5260172917,+7 (999) 9999999
55,АО «Сбербанк-АСТ» (УТП),6661003273,73432049555
56,"КРАЕВОЕ ГОСУДАРСТВЕННОЕ БЮДЖЕТНОЕ НАУЧНОЕ УЧРЕЖДЕНИЕ КУЛЬТУРЫ ""ХАБАРОВСКИЙ КРАЕВОЙ  МУЗЕЙ ИМЕНИ Н.И. ГРОДЕКОВА""",2721024668,+7 (4212) 306601
57,"КРАЕВОЕ ГОСУДАРСТВЕННОЕ БЮДЖЕТНОЕ ПРОФЕССИОНАЛЬНОЕ ОБРАЗОВАТЕЛЬНОЕ УЧРЕЖДЕНИЕ ""ХАБАРОВСКИЙ ТЕХНИКУМ ТЕХНОСФЕРНОЙ БЕЗОПАСНОСТИ И ПРОМЫШЛЕННЫХ ТЕХНОЛОГИЙ""",2724203016,"+7 (4212) 692769, доб.: 207"
58,"ФЕДЕРАЛЬНОЕ ГОСУДАРСТВЕННОЕ БЮДЖЕТНОЕ ОБРАЗОВАТЕЛЬНОЕ УЧРЕЖДЕНИЕ ВЫСШЕГО ОБРАЗОВАНИЯ ""ХАКАССКИЙ ГОСУДАРСТВЕННЫЙ УНИВЕРСИТЕТ ИМ. Н.Ф. КАТАНОВА""",1901021449,+7 (3902) 238208
59,"
ГОСУДАРСТВЕННОЕ БЮДЖЕТНОЕ УЧРЕЖДЕНИЕ РЕСПУБЛИКИ САХА (ЯКУТИЯ) ""ОЛЕКМИНСКИЙ СПЕЦИАЛИЗИРОВАННЫЙ ДОМ СОЦИАЛЬНОГО ОБСЛУЖИВАНИЯ ДЛЯ ПРЕСТАРЕЛЫХ И ИНВАЛИДОВ""
",1421001763,13.09.2022 00:00 (МСК+6)
60,"ГОСУДАРСТВЕННОЕ АВТОНОМНОЕ УЧРЕЖДЕНИЕ ЗДРАВООХРАНЕНИЯ ""ЗАБАЙКАЛЬСКИЙ КРАЕВОЙ НАРКОЛОГИЧЕСКИЙ ДИСПАНСЕР""",7534000472,"+7 (3022) 311302, доб.: 153"
61,"АКЦИОНЕРНОЕ ОБЩЕСТВО ""ПТИЦЕФАБРИКА ""СВЕРДЛОВСКАЯ""",6672350180,+7 (343) 2207100
62,"МУНИЦИПАЛЬНОЕ АВТОНОМНОЕ ОБЩЕОБРАЗОВАТЕЛЬНОЕ УЧРЕЖДЕНИЕ ""КУЛТАЕВСКАЯ СРЕДНЯЯ ШКОЛА""",5948014606,+7 (342) 2948257
63,ЭЛЕКТРОННАЯ ТОРГОВАЯ ПЛОЩАДКА РЕГИОН,8901012574,73492232330
64,www.rts-tender.ru,5525011227,+7 (381) 5221342
65,"
ГОСУДАРСТВЕННОЕ АВТОНОМНОЕ УЧРЕЖДЕНИЕ РЕСПУБЛИКИ САХА (ЯКУТИЯ) ""РЕСПУБЛИКАНСКИЙ ЦЕНТР МЕДИЦИНСКОЙ РЕАБИЛИТАЦИИ И СПОРТИВНОЙ МЕДИЦИНЫ""
",1435116764,84112326145
66,"
ГОСУДАРСТВЕННОЕ АВТОНОМНОЕ УЧРЕЖДЕНИЕ РЕСПУБЛИКИ САХА (ЯКУТИЯ) ""РЕСПУБЛИКАНСКАЯ КЛИНИЧЕСКАЯ БОЛЬНИЦА №3""
",1435024023,05.09.2022 00:00 (МСК+6)
67,ЭЛЕКТРОННАЯ ТОРГОВАЯ ПЛОЩАДКА РЕГИОН,0240007225,+8 (34777) 28136
68,"
АКЦИОНЕРНОЕ ОБЩЕСТВО ""УСТЬ-СРЕДНЕКАНГЭССТРОЙ""
",4909095279,74212453545
69,"МУНИЦИПАЛЬНОЕ АВТОНОМНОЕ УЧРЕЖДЕНИЕ ""СПОРТИВНАЯ ШКОЛА №1 ГОРОДА БЕЛОГОРСК""",2804009568,+8 (914) 0600349
70,"
ГОСУДАРСТВЕННОЕ БЮДЖЕТНОЕ УЧРЕЖДЕНИЕ РЕСПУБЛИКИ САХА (ЯКУТИЯ) ""ОЛЕКМИНСКИЙ СПЕЦИАЛИЗИРОВАННЫЙ ДОМ СОЦИАЛЬНОГО ОБСЛУЖИВАНИЯ ДЛЯ ПРЕСТАРЕЛЫХ И ИНВАЛИДОВ""
",1421001763,13.09.2022 00:00 (МСК+6)
71,"
ФЕДЕРАЛЬНОЕ ГОСУДАРСТВЕННОЕ БЮДЖЕТНОЕ ОБРАЗОВАТЕЛЬНОЕ УЧРЕЖДЕНИЕ ВЫСШЕГО ОБРАЗОВАНИЯ ""МАГНИТОГОРСКИЙ ГОСУДАРСТВЕННЫЙ ТЕХНИЧЕСКИЙ УНИВЕРСИТЕТ ИМ. Г.И. НОСОВА""
",7414002238,73519223822
72,"ФЕДЕРАЛЬНОЕ ГОСУДАРСТВЕННОЕ БЮДЖЕТНОЕ ОБРАЗОВАТЕЛЬНОЕ УЧРЕЖДЕНИЕ ВЫСШЕГО ОБРАЗОВАНИЯ ""ХАКАССКИЙ ГОСУДАРСТВЕННЫЙ УНИВЕРСИТЕТ ИМ. Н.Ф. КАТАНОВА""",1901021449,+7 (3902) 238208
73,"
ГОСУДАРСТВЕННОЕ БЮДЖЕТНОЕ УЧРЕЖДЕНИЕ РЕСПУБЛИКИ САХА (ЯКУТИЯ) ""ОЛЕКМИНСКИЙ СПЕЦИАЛИЗИРОВАННЫЙ ДОМ СОЦИАЛЬНОГО ОБСЛУЖИВАНИЯ ДЛЯ ПРЕСТАРЕЛЫХ И ИНВАЛИДОВ""
",1421001763,13.09.2022 00:00 (МСК+6)
74,ООО «БашЗаказ»,0276069810,+7 (347) 2465000
75,"
ГОСУДАРСТВЕННОЕ СТАЦИОНАРНОЕ УЧРЕЖДЕНИЕ СОЦИАЛЬНОГО ОБСЛУЖИВАНИЯ ""ПОЛЕТАЕВСКИЙ ПСИХОНЕВРОЛОГИЧЕСКИЙ ИНТЕРНАТ""
",7438007820,83512789162
76,"КРАЕВОЕ ГОСУДАРСТВЕННОЕ БЮДЖЕТНОЕ НАУЧНОЕ УЧРЕЖДЕНИЕ КУЛЬТУРЫ ""ХАБАРОВСКИЙ КРАЕВОЙ  МУЗЕЙ ИМЕНИ Н.И. ГРОДЕКОВА""",2721024668,+7 (4212) 306601
77,"КРАЕВОЕ ГОСУДАРСТВЕННОЕ БЮДЖЕТНОЕ ПРОФЕССИОНАЛЬНОЕ ОБРАЗОВАТЕЛЬНОЕ УЧРЕЖДЕНИЕ ""ХАБАРОВСКИЙ ТЕХНИКУМ ТЕХНОСФЕРНОЙ БЕЗОПАСНОСТИ И ПРОМЫШЛЕННЫХ ТЕХНОЛОГИЙ""",2724203016,"+7 (4212) 692769, доб.: 207"
78,РТС-тендер,5906149305,+83422320140 () 1888
79,"ЭТП ""OTC.ru""",4205154739,+7 (384) 2459525
80,ЭТП ГПБ,2452011072,83919751649
81,"ГОСУДАРСТВЕННОЕ АВТОНОМНОЕ ПРОФЕССИОНАЛЬНОЕ ОБРАЗОВАТЕЛЬНОЕ УЧРЕЖДЕНИЕ РЕСПУБЛИКИ САХА (ЯКУТИЯ) ""ЯКУТСКИЙ ТЕХНОЛОГИЧЕСКИЙ ТЕХНИКУМ СЕРВИСА ИМЕНИ Ю.А. ГОТОВЦЕВА""",1435050136,+7 (4112) 351119
82,"КРАЕВОЕ ГОСУДАРСТВЕННОЕ БЮДЖЕТНОЕ ПРОФЕССИОНАЛЬНОЕ ОБРАЗОВАТЕЛЬНОЕ УЧРЕЖДЕНИЕ ""УССУРИЙСКИЙ АГРОПРОМЫШЛЕННЫЙ КОЛЛЕДЖ""",2529005490,+7 (4234) 321346
83,РТС-тендер,2223043971,+8 (3852) 496186
84,РТС-тендер,1435099188,30.08.2022 00:00 (МСК+6)
85,"
МУНИЦИПАЛЬНОЕ АВТОНОМНОЕ ДОШКОЛЬНОЕ ОБРАЗОВАТЕЛЬНОЕ УЧРЕЖДЕНИЕ ""ДЕТСКИЙ САД ОБЩЕРАЗВИВАЮЩЕГО ВИДА ""ГУСЕЛЬКИ""
",8622008930,73467577994
86,"
ФЕДЕРАЛЬНОЕ ГОСУДАРСТВЕННОЕ БЮДЖЕТНОЕ УЧРЕЖДЕНИЕ ""ЯКУТСКОЕ УПРАВЛЕНИЕ ПО ГИДРОМЕТЕОРОЛОГИИ И МОНИТОРИНГУ ОКРУЖАЮЩЕЙ СРЕДЫ""
",1435067210,74112353641
87,"
МУНИЦИПАЛЬНОЕ АВТОНОМНОЕ ДОШКОЛЬНОЕ ОБРАЗОВАТЕЛЬНОЕ УЧРЕЖДЕНИЕ ""ДЕТСКИЙ САД ОБЩЕРАЗВИВАЮЩЕГО ВИДА ""ГУСЕЛЬКИ""
",8622008930,73467577994
88,"
МУНИЦИПАЛЬНОЕ АВТОНОМНОЕ ДОШКОЛЬНОЕ ОБРАЗОВАТЕЛЬНОЕ УЧРЕЖДЕНИЕ ""ДЕТСКИЙ САД ОБЩЕРАЗВИВАЮЩЕГО ВИДА ""ГУСЕЛЬКИ""
",8622008930,73467577994
89,РТС-тендер,7447041747,73517412364
90,РТС-тендер,5906149305,+83422320140 () 1888
91,РТС-тендер,5906149305,+83422320140 () 1888
92,"ЭТП ""OTC.ru""",4205154739,+7 (384) 2459525
93,ЭТП ГПБ,2452011072,83919751649
94,"АКЦИОНЕРНОЕ ОБЩЕСТВО ""ТЭК-ТОРГ""",7411019057,79821012341
95,"ГОСУДАРСТВЕННОЕ АВТОНОМНОЕ ПРОФЕССИОНАЛЬНОЕ ОБРАЗОВАТЕЛЬНОЕ УЧРЕЖДЕНИЕ РЕСПУБЛИКИ САХА (ЯКУТИЯ) ""ЯКУТСКИЙ ТЕХНОЛОГИЧЕСКИЙ ТЕХНИКУМ СЕРВИСА ИМЕНИ Ю.А. ГОТОВЦЕВА""",1435050136,+7 (4112) 351119
96,"
ГОСУДАРСТВЕННОЕ АВТОНОМНОЕ УЧРЕЖДЕНИЕ ЗДРАВООХРАНЕНИЯ ""ЧЕЛЯБИНСКАЯ ОБЛАСТНАЯ ДЕТСКАЯ КЛИНИЧЕСКАЯ БОЛЬНИЦА""
",7453014011,"+7 (351) 2257470, доб.: 2147"
97,РТС-тендер,6664004853,05.09.2022 00:00 (МСК+2)
98,"ГОСУДАРСТВЕННОЕ АВТОНОМНОЕ УЧРЕЖДЕНИЕ ЗДРАВООХРАНЕНИЯ ""АНЖЕРО-СУДЖЕНСКАЯ ГОРОДСКАЯ БОЛЬНИЦА ИМЕНИ А.А. ГОРОХОВСКОГО""",4246006426,+7 (38453) 51965
99,"КРАЕВОЕ ГОСУДАРСТВЕННОЕ БЮДЖЕТНОЕ ПРОФЕССИОНАЛЬНОЕ ОБРАЗОВАТЕЛЬНОЕ УЧРЕЖДЕНИЕ ""УССУРИЙСКИЙ АГРОПРОМЫШЛЕННЫЙ КОЛЛЕДЖ""",2529005490,+7 (4234) 321346
100,АО «ЕЭТП»,6672350180,3432207135
101,Универсальная электронная торговая площадка ESTP.RU,0323121958,+7 (3012) 415149
102,"МУНИЦИПАЛЬНОЕ ПРЕДПРИЯТИЕ ГОРОДА ОМСКА ""ЭЛЕКТРИЧЕСКИЙ ТРАНСПОРТ""",5507022628,+7 (3812) 211594
103,МУНИЦИПАЛЬНОЕ АВТОНОМНОЕ УЧРЕЖДЕНИЕ КУЛЬТУРЫ ГОРОДА ТЮМЕНИ ЦЕНТР РУССКОЙ КУЛЬТУРЫ,7203247711,+7 (3452) 532115
104,"
МУНИЦИПАЛЬНОЕ АВТОНОМНОЕ ДОШКОЛЬНОЕ ОБРАЗОВАТЕЛЬНОЕ УЧРЕЖДЕНИЕ ""ДЕТСКИЙ САД № 50 Г. ЧЕЛЯБИНСКА""
",7448172943,+7 (351) 2830726
105,"
МУНИЦИПАЛЬНОЕ АВТОНОМНОЕ ДОШКОЛЬНОЕ ОБРАЗОВАТЕЛЬНОЕ УЧРЕЖДЕНИЕ ""ДЕТСКИЙ САД ОБЩЕРАЗВИВАЮЩЕГО ВИДА ""ГУСЕЛЬКИ""
",8622008930,73467577994
106,"
МУНИЦИПАЛЬНОЕ АВТОНОМНОЕ ДОШКОЛЬНОЕ ОБРАЗОВАТЕЛЬНОЕ УЧРЕЖДЕНИЕ ""ДЕТСКИЙ САД ОБЩЕРАЗВИВАЮЩЕГО ВИДА ""ГУСЕЛЬКИ""
",8622008930,73467577994
107,"
МУНИЦИПАЛЬНОЕ АВТОНОМНОЕ ДОШКОЛЬНОЕ ОБРАЗОВАТЕЛЬНОЕ УЧРЕЖДЕНИЕ ""ДЕТСКИЙ САД ОБЩЕРАЗВИВАЮЩЕГО ВИДА ""ГУСЕЛЬКИ""
",8622008930,73467577994
108,"
ФЕДЕРАЛЬНОЕ ГОСУДАРСТВЕННОЕ БЮДЖЕТНОЕ УЧРЕЖДЕНИЕ ""ЯКУТСКОЕ УПРАВЛЕНИЕ ПО ГИДРОМЕТЕОРОЛОГИИ И МОНИТОРИНГУ ОКРУЖАЮЩЕЙ СРЕДЫ""
",1435067210,74112353641
109,"
МУНИЦИПАЛЬНОЕ АВТОНОМНОЕ ДОШКОЛЬНОЕ ОБРАЗОВАТЕЛЬНОЕ УЧРЕЖДЕНИЕ ""ДЕТСКИЙ САД ОБЩЕРАЗВИВАЮЩЕГО ВИДА ""ГУСЕЛЬКИ""
",8622008930,73467577994
110,"ГОСУДАРСТВЕННОЕ АВТОНОМНОЕ УЧРЕЖДЕНИЕ ""СПОРТИВНАЯ ШКОЛА ОЛИМПИЙСКОГО РЕЗЕРВА ПО ГОРНОЛЫЖНОМУ СПОРТУ И СНОУБОРДУ""",6501070320,"+8 (4242) 559191, доб.: 1005"
111,"КРАЕВОЕ ГОСУДАРСТВЕННОЕ БЮДЖЕТНОЕ НАУЧНОЕ УЧРЕЖДЕНИЕ КУЛЬТУРЫ ""ХАБАРОВСКИЙ КРАЕВОЙ  МУЗЕЙ ИМЕНИ Н.И. ГРОДЕКОВА""",2721024668,+7 (4212) 306601
112,"
МУНИЦИПАЛЬНОЕ АВТОНОМНОЕ ДОШКОЛЬНОЕ ОБРАЗОВАТЕЛЬНОЕ УЧРЕЖДЕНИЕ ""ДЕТСКИЙ САД ОБЩЕРАЗВИВАЮЩЕГО ВИДА ""ГУСЕЛЬКИ""
",8622008930,73467577994
113,МУНИЦИПАЛЬНОЕ АВТОНОМНОЕ УЧРЕЖДЕНИЕ КУЛЬТУРЫ ГОРОДА ТЮМЕНИ ЦЕНТР РУССКОЙ КУЛЬТУРЫ,7203247711,+7 (3452) 532115
114,МУНИЦИПАЛЬНОЕ АВТОНОМНОЕ УЧРЕЖДЕНИЕ КУЛЬТУРЫ ГОРОДА ТЮМЕНИ ЦЕНТР РУССКОЙ КУЛЬТУРЫ,7203247711,+7 (3452) 532115
115,"
МУНИЦИПАЛЬНОЕ АВТОНОМНОЕ ДОШКОЛЬНОЕ ОБРАЗОВАТЕЛЬНОЕ УЧРЕЖДЕНИЕ ""ДЕТСКИЙ САД № 50 Г. ЧЕЛЯБИНСКА""
",7448172943,+7 (351) 2830726
116,"
МУНИЦИПАЛЬНОЕ АВТОНОМНОЕ ДОШКОЛЬНОЕ ОБРАЗОВАТЕЛЬНОЕ УЧРЕЖДЕНИЕ ""ДЕТСКИЙ САД ОБЩЕРАЗВИВАЮЩЕГО ВИДА ""ГУСЕЛЬКИ""
",8622008930,73467577994
117,"
МУНИЦИПАЛЬНОЕ АВТОНОМНОЕ ДОШКОЛЬНОЕ ОБРАЗОВАТЕЛЬНОЕ УЧРЕЖДЕНИЕ ""ДЕТСКИЙ САД ОБЩЕРАЗВИВАЮЩЕГО ВИДА ""ГУСЕЛЬКИ""
",8622008930,73467577994
118,"
МУНИЦИПАЛЬНОЕ АВТОНОМНОЕ ДОШКОЛЬНОЕ ОБРАЗОВАТЕЛЬНОЕ УЧРЕЖДЕНИЕ ""ДЕТСКИЙ САД ОБЩЕРАЗВИВАЮЩЕГО ВИДА ""ГУСЕЛЬКИ""
",8622008930,73467577994
119,"
ФЕДЕРАЛЬНОЕ ГОСУДАРСТВЕННОЕ БЮДЖЕТНОЕ УЧРЕЖДЕНИЕ ""ЯКУТСКОЕ УПРАВЛЕНИЕ ПО ГИДРОМЕТЕОРОЛОГИИ И МОНИТОРИНГУ ОКРУЖАЮЩЕЙ СРЕДЫ""
",1435067210,74112353641
120,"
МУНИЦИПАЛЬНОЕ АВТОНОМНОЕ ДОШКОЛЬНОЕ ОБРАЗОВАТЕЛЬНОЕ УЧРЕЖДЕНИЕ ""ДЕТСКИЙ САД ОБЩЕРАЗВИВАЮЩЕГО ВИДА ""ГУСЕЛЬКИ""
",8622008930,73467577994
121,"
МУНИЦИПАЛЬНОЕ АВТОНОМНОЕ ДОШКОЛЬНОЕ ОБРАЗОВАТЕЛЬНОЕ УЧРЕЖДЕНИЕ ""ДЕТСКИЙ САД ОБЩЕРАЗВИВАЮЩЕГО ВИДА ""ГУСЕЛЬКИ""
",8622008930,73467577994
122,РТС-тендер,7447041747,73517412364
123,РТС-тендер,7447041747,73517412364
124,РТС-тендер,5906149305,+83422320140 () 1888
125,"АКЦИОНЕРНОЕ ОБЩЕСТВО ""ТЭК-ТОРГ""",1435099188,09.08.2022 00:00 (МСК+6)
126,"МУНИЦИПАЛЬНОЕ ПРЕДПРИЯТИЕ ГОРОДА ОМСКА ""ЭЛЕКТРИЧЕСКИЙ ТРАНСПОРТ""",5507022628,+7 (3812) 211594
127,"
ГОСУДАРСТВЕННОЕ БЮДЖЕТНОЕ УЧРЕЖДЕНИЕ БЛАГОВЕЩЕНСКАЯ РАЙОННАЯ И ГОРОДСКАЯ ВЕТЕРИНАРНАЯ СТАНЦИЯ РЕСПУБЛИКИ БАШКОРТОСТАН
",0258003888,83476622142
128,"
ГОСУДАРСТВЕННОЕ АВТОНОМНОЕ УЧРЕЖДЕНИЕ ЗДРАВООХРАНЕНИЯ НОВОСИБИРСКОЙ ОБЛАСТИ ""КЛИНИЧЕСКАЯ СТОМАТОЛОГИЧЕСКАЯ ПОЛИКЛИНИКА № 1""
",5404110625,+8 (383) 3081419
129,"КРАЕВОЕ ГОСУДАРСТВЕННОЕ БЮДЖЕТНОЕ ПРОФЕССИОНАЛЬНОЕ ОБРАЗОВАТЕЛЬНОЕ УЧРЕЖДЕНИЕ ""УССУРИЙСКИЙ АГРОПРОМЫШЛЕННЫЙ КОЛЛЕДЖ""",2529005490,+7 (4234) 321346
130,"АКЦИОНЕРНОЕ ОБЩЕСТВО ""АГЕНТСТВО РАЗВИТИЯ И ИНВЕСТИЦИЙ ОМСКОЙ ОБЛАСТИ""",5504223936,+7 (3812) 408048
131,"
ГОСУДАРСТВЕННОЕ АВТОНОМНОЕ УЧРЕЖДЕНИЕ ЗДРАВООХРАНЕНИЯ ""ЧЕЛЯБИНСКАЯ ОБЛАСТНАЯ ДЕТСКАЯ КЛИНИЧЕСКАЯ БОЛЬНИЦА""
",7453014011,"+7 (351) 2257470, доб.: 2147"
132,РТС-тендер,6664004853,05.09.2022 00:00 (МСК+2)
133,"ГОСУДАРСТВЕННОЕ АВТОНОМНОЕ УЧРЕЖДЕНИЕ ЗДРАВООХРАНЕНИЯ ""АНЖЕРО-СУДЖЕНСКАЯ ГОРОДСКАЯ БОЛЬНИЦА ИМЕНИ А.А. ГОРОХОВСКОГО""",4246006426,+7 (38453) 51965
134,"КРАЕВОЕ ГОСУДАРСТВЕННОЕ БЮДЖЕТНОЕ ПРОФЕССИОНАЛЬНОЕ ОБРАЗОВАТЕЛЬНОЕ УЧРЕЖДЕНИЕ ""УССУРИЙСКИЙ АГРОПРОМЫШЛЕННЫЙ КОЛЛЕДЖ""",2529005490,+7 (4234) 321346
135,АО «ЕЭТП»,6672350180,3432207135
136,Универсальная электронная торговая площадка ESTP.RU,0323121958,+7 (3012) 415149
137,"МУНИЦИПАЛЬНОЕ ПРЕДПРИЯТИЕ ГОРОДА ОМСКА ""ЭЛЕКТРИЧЕСКИЙ ТРАНСПОРТ""",5507022628,+7 (3812) 211594
138,"
ГОСУДАРСТВЕННОЕ АВТОНОМНОЕ УЧРЕЖДЕНИЕ ЗДРАВООХРАНЕНИЯ СВЕРДЛОВСКОЙ ОБЛАСТИ ""КАЧКАНАРСКАЯ ЦЕНТРАЛЬНАЯ ГОРОДСКАЯ БОЛЬНИЦА""
",6615001031,12.09.2022 00:00 (МСК+2)
139,"МУНИЦИПАЛЬНОЕ УНИТАРНОЕ ПРЕДПРИЯТИЕ ""НОВОИЛЬИНСКИЙ КОММУНАЛЬНЫЙ СЕРВИС"" МУНИЦИПАЛЬНОГО ОБРАЗОВАНИЯ ""НЫТВЕНСКИЙ ГОРОДСКОЙ ОКРУГ""",5916035096,+7 (34272) 27378
140,ООО «БашЗаказ»,0276069810,+7 (347) 2465000
141,РТС-тендер,7450010467,7356629
142,РТС-тендер,6611000527,89527254441
143,"
ГОСУДАРСТВЕННОЕ БЮДЖЕТНОЕ УЧРЕЖДЕНИЕ ЗДРАВООХРАНЕНИЯ ""ЧЕЛЯБИНСКАЯ ОБЛАСТНАЯ КЛИНИЧЕСКАЯ БОЛЬНИЦА""
",7453013642,2328248
144,"ГОСУДАРСТВЕННОЕ АВТОНОМНОЕ УЧРЕЖДЕНИЕ ЗДРАВООХРАНЕНИЯ ""АНЖЕРО-СУДЖЕНСКАЯ ГОРОДСКАЯ БОЛЬНИЦА ИМЕНИ А.А. ГОРОХОВСКОГО""",4246006426,+7 (38453) 51965
145,"ГОСУДАРСТВЕННОЕ АВТОНОМНОЕ УЧРЕЖДЕНИЕ ""СПОРТИВНАЯ ШКОЛА ОЛИМПИЙСКОГО РЕЗЕРВА ПО ГОРНОЛЫЖНОМУ СПОРТУ И СНОУБОРДУ""",6501070320,"+8 (4242) 559191, доб.: 1005"
146,"АКЦИОНЕРНОЕ ОБЩЕСТВО ""УССУРИЙСКОЕ ПРЕДПРИЯТИЕ ТЕПЛОВЫХ СЕТЕЙ""",2511111265,+8 (4234) 322571
147,"АКЦИОНЕРНОЕ ОБЩЕСТВО ""ПТИЦЕФАБРИКА ""СВЕРДЛОВСКАЯ""",6672350180,В соответствии с Положением
148,"
МУНИЦИПАЛЬНОЕ АВТОНОМНОЕ ОБЩЕОБРАЗОВАТЕЛЬНОЕ УЧРЕЖДЕНИЕ ""СРЕДНЯЯ ШКОЛА ""КОМПЛЕКС ПОКРОВСКИЙ""
",2466274970,+7 (391) 2220809
149,АО «Сбербанк-АСТ» (УТП),8901024210,+8 (34922) 44203
150,"МУНИЦИПАЛЬНОЕ АВТОНОМНОЕ УЧРЕЖДЕНИЕ ""КОМБИНАТ ДЕТСКОГО ПИТАНИЯ""",3801068292,+8 (3955) 512628
151,ЭТП «Торги 223»,6617023947,+7 (343) 8031159
152,"
МУНИЦИПАЛЬНОЕ АВТОНОМНОЕ УЧРЕЖДЕНИЕ ДОПОЛНИТЕЛЬНОГО ОБРАЗОВАНИЯ ""ДЕТСКАЯ ШКОЛА ИСКУССТВ № 3"" Г. ОРСКА
",5614009149,www.zakupki.gov.ru
153,"
ГОСУДАРСТВЕННОЕ АВТОНОМНОЕ УЧРЕЖДЕНИЕ ЗДРАВООХРАНЕНИЯ АМУРСКОЙ ОБЛАСТИ ""АМУРСКАЯ ОБЛАСТНАЯ КЛИНИЧЕСКАЯ БОЛЬНИЦА""
",2801020845,+7 (4162) 238539
154,"
ГОСУДАРСТВЕННОЕ АВТОНОМНОЕ УЧРЕЖДЕНИЕ ЗДРАВООХРАНЕНИЯ АМУРСКОЙ ОБЛАСТИ ""АМУРСКАЯ ОБЛАСТНАЯ КЛИНИЧЕСКАЯ БОЛЬНИЦА""
",2801020845,+7 (4162) 238539
155,"МУНИЦИПАЛЬНОЕ АВТОНОМНОЕ УЧРЕЖДЕНИЕ ""КОМБИНАТ ДЕТСКОГО ПИТАНИЯ""",3801068292,+8 (3955) 512628
156,МУНИЦИПАЛЬНОЕ АВТОНОМНОЕ УЧРЕЖДЕНИЕ КУЛЬТУРЫ ГОРОДА ТЮМЕНИ ЦЕНТР РУССКОЙ КУЛЬТУРЫ,7203247711,+7 (3452) 531115
157,"АКЦИОНЕРНОЕ ОБЩЕСТВО ""УССУРИЙСКОЕ ПРЕДПРИЯТИЕ ТЕПЛОВЫХ СЕТЕЙ""",2511111265,+8 (4234) 322571
158,ЭТП «Торги 223»,1435115270,"+7 (914) 2729748, доб.: 2261"
159,"КРАЕВОЕ ГОСУДАРСТВЕННОЕ БЮДЖЕТНОЕ УЧРЕЖДЕНИЕ СОЦИАЛЬНОГО ОБСЛУЖИВАНИЯ ""АРСЕНЬЕВСКИЙ ПСИХОНЕВРОЛОГИЧЕСКИЙ ИНТЕРНАТ""",2501019158,+7 (42361) 32467
160,"МУНИЦИПАЛЬНОЕ АВТОНОМНОЕ ОБЩЕОБРАЗОВАТЕЛЬНОЕ УЧРЕЖДЕНИЕ ""СРЕДНЯЯ ОБЩЕОБРАЗОВАТЕЛЬНАЯ ШКОЛА № 7""",6606011643,+7 (34368) 93510
161,Универсальная электронная торговая площадка ESTP.RU,8608040731,34667 22534
162,ООО «БашЗаказ»,6619008310,+7 (343) 9470060
163,"АКЦИОНЕРНОЕ ОБЩЕСТВО ""ТЭК-ТОРГ""",6658027450,13.09.2022 00:00 (МСК+2)
164,РТС-тендер,7447034588,83517723583
165,РТС-тендер,7447034588,83517723583
166,"МУНИЦИПАЛЬНОЕ УНИТАРНОЕ ""ОРДЫНСКОЕ АВТОТРАНСПОРТНОЕ ПРЕДПРИЯТИЕ"" ОРДЫНСКОГО РАЙОНА НОВОСИБИРСКОЙ ОБЛАСТИ",5434113687,+8383 (59) 21573
167,"МУНИЦИПАЛЬНОЕ АВТОНОМНОЕ УЧРЕЖДЕНИЕ ""КОМБИНАТ ДЕТСКОГО ПИТАНИЯ""",3801068292,+8 (3955) 512628
168,"МУНИЦИПАЛЬНОЕ УНИТАРНОЕ ПРЕДПРИЯТИЕ ГОРОДА АБАКАНА ""ВОДОКАНАЛ""",1901037777,+8 (3902) 302123
169,"МУНИЦИПАЛЬНОЕ АВТОНОМНОЕ НЕТИПОВОЕ ОБРАЗОВАТЕЛЬНОЕ УЧРЕЖДЕНИЕ ""ДВОРЕЦ ДЕТСКОГО ТВОРЧЕСТВА ИМЕНИ Ф.И.АВДЕЕВОЙ"" ГОРОДСКОГО ОКРУГА ""ГОРОД ЯКУТСК""",1435123962,+7 (4112) 428199
170,"
МУНИЦИПАЛЬНОЕ АВТОНОМНОЕ ДОШКОЛЬНОЕ ОБРАЗОВАТЕЛЬНОЕ УЧРЕЖДЕНИЕ ""ДЕТСКИЙ САД ""РОСИНКА"" П. ПИОНЕРСКИЙ""
",8615011379,+7 (34675) 49206
171,"КРАЕВОЕ ГОСУДАРСТВЕННОЕ БЮДЖЕТНОЕ ПРОФЕССИОНАЛЬНОЕ ОБРАЗОВАТЕЛЬНОЕ УЧРЕЖДЕНИЕ ""УССУРИЙСКИЙ АГРОПРОМЫШЛЕННЫЙ КОЛЛЕДЖ""",2529005490,+7 (4234) 321346
172,РТС-тендер,6683005789,26.08.2022 00:00 (МСК+2)
173,"ФЕДЕРАЛЬНОЕ ГОСУДАРСТВЕННОЕ БЮДЖЕТНОЕ ОБРАЗОВАТЕЛЬНОЕ УЧРЕЖДЕНИЕ ВЫСШЕГО ОБРАЗОВАНИЯ ""МАГНИТОГОРСКИЙ ГОСУДАРСТВЕННЫЙ ТЕХНИЧЕСКИЙ УНИВЕРСИТЕТ ИМ. Г.И. НОСОВА""",7414002238,+8 (3519) 223822
174,АО «Сбербанк-АСТ» (УТП),2507228334,+8 (42355) 26319
175,"МУНИЦИПАЛЬНОЕ АВТОНОМНОЕ ОБЩЕОБРАЗОВАТЕЛЬНОЕ УЧРЕЖДЕНИЕ ""СРЕДНЯЯ ОБЩЕОБРАЗОВАТЕЛЬНАЯ ШКОЛА № 7""",6606011643,+7 (34368) 93510
176,"
ОБЩЕСТВО С ОГРАНИЧЕННОЙ ОТВЕТСТВЕННОСТЬЮ ""ЗЕРНОПРОДУКТ""
",7113067263,74874160266
177,"
ГОСУДАРСТВЕННОЕ АВТОНОМНОЕ УЧРЕЖДЕНИЕ ЗДРАВООХРАНЕНИЯ АМУРСКОЙ ОБЛАСТИ ""АМУРСКАЯ ОБЛАСТНАЯ КЛИНИЧЕСКАЯ БОЛЬНИЦА""
",2801020845,+7 (4162) 238539
178,"МУНИЦИПАЛЬНОЕ АВТОНОМНОЕ УЧРЕЖДЕНИЕ ""КОМБИНАТ ДЕТСКОГО ПИТАНИЯ""",3801068292,+8 (3955) 512628
179,"АКЦИОНЕРНОЕ ОБЩЕСТВО ""ПТИЦЕФАБРИКА ""СВЕРДЛОВСКАЯ""",6672350180,+7 (343) 2207100
180,АО «Сбербанк-АСТ» (УТП),2522010741,84234456389
181,"МУНИЦИПАЛЬНОЕ УНИТАРНОЕ ПРЕДПРИЯТИЕ МУНИЦИПАЛЬНОГО ОБРАЗОВАНИЯ ГОРОД НЯГАНЬ ""КОМБИНАТ ПИТАНИЯ""",8610008132,+7 (34672) 54525
182,"
ГОСУДАРСТВЕННОЕ УЧРЕЖДЕНИЕ ЗДРАВООХРАНЕНИЯ ""КРАЕВОЙ КОЖНО-ВЕНЕРОЛОГИЧЕСКИЙ ДИСПАНСЕР""
",7536030899,+7 (000) 0000000
183,ЭЛЕКТРОННАЯ ТОРГОВАЯ ПЛОЩАДКА РЕГИОН,5904081919,73422494420
184,"
МУНИЦИПАЛЬНОЕ АВТОНОМНОЕ УЧРЕЖДЕНИЕ ДОПОЛНИТЕЛЬНОГО ОБРАЗОВАНИЯ ""ДЕТСКАЯ ШКОЛА ИСКУССТВ № 3"" Г. ОРСКА
",5614009149,www.zakupki.gov.ru
185,"
ГОСУДАРСТВЕННОЕ АВТОНОМНОЕ УЧРЕЖДЕНИЕ САРАТОВСКОЙ ОБЛАСТИ ""БАЛАШОВСКИЙ ДОМ-ИНТЕРНАТ ДЛЯ ПРЕСТАРЕЛЫХ И ИНВАЛИДОВ""
",6440004254,+8 (84545) 54417
186,"АКЦИОНЕРНОЕ ОБЩЕСТВО ""ПТИЦЕФАБРИКА ""СВЕРДЛОВСКАЯ""",6672350180,+7 (343) 2207100
187,"АКЦИОНЕРНОЕ ОБЩЕСТВО ""ПТИЦЕФАБРИКА ""СВЕРДЛОВСКАЯ""",6672350180,В соответствии с Положением
188,"
МУНИЦИПАЛЬНОЕ АВТОНОМНОЕ ОБЩЕОБРАЗОВАТЕЛЬНОЕ УЧРЕЖДЕНИЕ ""СРЕДНЯЯ ШКОЛА ""КОМПЛЕКС ПОКРОВСКИЙ""
",2466274970,+7 (391) 2220809
189,АО «Сбербанк-АСТ» (УТП),8901024210,+8 (34922) 44203
190,РТС-тендер,6319044155,01.09.2022 00:00 (МСК+1)
191,"МУНИЦИПАЛЬНОЕ АВТОНОМНОЕ УЧРЕЖДЕНИЕ ""КОМБИНАТ ДЕТСКОГО ПИТАНИЯ""",3801068292,+8 (3955) 512628
192,"
ОТКРЫТОЕ АКЦИОНЕРНОЕ ОБЩЕСТВО ""ИРКУТСКАЯ ЭЛЕКТРОСЕТЕВАЯ КОМПАНИЯ""
",3812122706,73952793187
193,"ФЕДЕРАЛЬНОЕ ГОСУДАРСТВЕННОЕ БЮДЖЕТНОЕ ОБРАЗОВАТЕЛЬНОЕ УЧРЕЖДЕНИЕ ВЫСШЕГО ОБРАЗОВАНИЯ ""КУРГАНСКАЯ ГОСУДАРСТВЕННАЯ СЕЛЬСКОХОЗЯЙСТВЕННАЯ АКАДЕМИЯ ИМЕНИ Т.С. МАЛЬЦЕВА""",4510008156,+7 (992) 4207151
194,"МУНИЦИПАЛЬНОЕ АВТОНОМНОЕ УЧРЕЖДЕНИЕ ""КОМБИНАТ ДЕТСКОГО ПИТАНИЯ""",3801068292,+8 (3955) 512628
195,ЭТП «Торги 223»,1831032733,+7 (341) 2646902
196,ЭЛЕКТРОННАЯ ТОРГОВАЯ ПЛОЩАДКА РЕГИОН,6633005416,83437343644
197,ЭТП «Торги 223»,7204006910,+7 (3452) 270508
198,"АКЦИОНЕРНОЕ ОБЩЕСТВО ""ТЭК-ТОРГ""",4701004642,78136624540
199,"
ГОСУДАРСТВЕННОЕ АВТОНОМНОЕ УЧРЕЖДЕНИЕ ЗДРАВООХРАНЕНИЯ АМУРСКОЙ ОБЛАСТИ ""АМУРСКАЯ ОБЛАСТНАЯ КЛИНИЧЕСКАЯ БОЛЬНИЦА""
",2801020845,+7 (4162) 238539
200,"
ГОСУДАРСТВЕННОЕ АВТОНОМНОЕ УЧРЕЖДЕНИЕ ЗДРАВООХРАНЕНИЯ АМУРСКОЙ ОБЛАСТИ ""АМУРСКАЯ ОБЛАСТНАЯ КЛИНИЧЕСКАЯ БОЛЬНИЦА""
",2801020845,+7 (4162) 238539
201,"МУНИЦИПАЛЬНОЕ АВТОНОМНОЕ УЧРЕЖДЕНИЕ ""КОМБИНАТ ДЕТСКОГО ПИТАНИЯ""",3801068292,+8 (3955) 512628
202,МУНИЦИПАЛЬНОЕ АВТОНОМНОЕ УЧРЕЖДЕНИЕ КУЛЬТУРЫ ГОРОДА ТЮМЕНИ ЦЕНТР РУССКОЙ КУЛЬТУРЫ,7203247711,+7 (3452) 531115
203,"
МУНИЦИПАЛЬНОЕ АВТОНОМНОЕ УЧРЕЖДЕНИЕ СУРГУТСКОГО РАЙОНА ""РАЙОННЫЙ МОЛОДЁЖНЫЙ ЦЕНТР""
",8617017143,+7 (3462) 550718
204,"ФЕДЕРАЛЬНОЕ БЮДЖЕТНОЕ УЧРЕЖДЕНИЕ ЗДРАВООХРАНЕНИЯ ""ЦЕНТР ГИГИЕНЫ И ЭПИДЕМИОЛОГИИ В ОМСКОЙ ОБЛАСТИ""",5503088339,+7 (3812) 680991
205,"
МУНИЦИПАЛЬНОЕ АВТОНОМНОЕ ДОШКОЛЬНОЕ ОБРАЗОВАТЕЛЬНОЕ УЧРЕЖДЕНИЕ ""ДЕТСКИЙ САД КОМБИНИРОВАННОГО ВИДА №26 ""КОРАБЛИК""
",5445100457,83834135096
206,РТС-тендер,4223127015,05.09.2022 00:00 (МСК+4)
207,РТС-тендер,2225171626,+7 (3852) 569318
208,ЭТП ГПБ,2452011072,83919751649
209,"
ГОСУДАРСТВЕННОЕ УЧРЕЖДЕНИЕ ЗДРАВООХРАНЕНИЯ ""КРАЕВОЙ КОЖНО-ВЕНЕРОЛОГИЧЕСКИЙ ДИСПАНСЕР""
",7536030899,+7 (000) 0000000
210,"ОБЩЕСТВО С ОГРАНИЧЕННОЙ ОТВЕТСТВЕННОСТЬЮ ""ГИП-ЭНЕРГО""",0278185097,+7 (347) 2163657
211,"МУНИЦИПАЛЬНОЕ АВТОНОМНОЕ УЧРЕЖДЕНИЕ ""КОМБИНАТ ДЕТСКОГО ПИТАНИЯ""",3801068292,+8 (3955) 512628
212,"
АКЦИОНЕРНОЕ ОБЩЕСТВО ""НАУЧНО-ПРОИЗВОДСТВЕННЫЙ ЦЕНТР ""ПОЛЮС""
",7017171342,+7 (3822) 606718
213,РТС-тендер,7414000657,73519359149
214,"ГОСУДАРСТВЕННОЕ АВТОНОМНОЕ УЧРЕЖДЕНИЕ ТЮМЕНСКОЙ ОБЛАСТИ ""ОБЛАСТНАЯ СПОРТИВНАЯ ШКОЛА ОЛИМПИЙСКОГО РЕЗЕРВА""",7202172340,+7 (3452) 344637
215,"
АКЦИОНЕРНОЕ ОБЩЕСТВО ""НАУЧНО-ПРОИЗВОДСТВЕННЫЙ ЦЕНТР ""ПОЛЮС""
",7017171342,+7 (3822) 606718
216,ЭТП «Торги 223»,6312201190,+7 (846) 9334044
217,"АКЦИОНЕРНОЕ ОБЩЕСТВО ""ТЭК-ТОРГ""",7411019057,79821012341
218,ЭТП «Торги 223»,6312201190,+7 (846) 9334044
219,"МУНИЦИПАЛЬНОЕ АВТОНОМНОЕ УЧРЕЖДЕНИЕ ""КОМБИНАТ ДЕТСКОГО ПИТАНИЯ""",3801068292,+8 (3955) 512628
220,"МУНИЦИПАЛЬНОЕ АВТОНОМНОЕ УЧРЕЖДЕНИЕ ""КОМБИНАТ ДЕТСКОГО ПИТАНИЯ""",3801068292,+8 (3955) 512628
221,РТС-тендер,3013002956,+78514025103 () 102
222,"
ГОСУДАРСТВЕННОЕ АВТОНОМНОЕ УЧРЕЖДЕНИЕ САРАТОВСКОЙ ОБЛАСТИ ""БАЛАШОВСКИЙ ДОМ-ИНТЕРНАТ ДЛЯ ПРЕСТАРЕЛЫХ И ИНВАЛИДОВ""
",6440004254,+8 (84545) 54417
223,"МУНИЦИПАЛЬНОЕ АВТОНОМНОЕ УЧРЕЖДЕНИЕ ""КОМБИНАТ ДЕТСКОГО ПИТАНИЯ""",3801068292,+8 (3955) 512628
224,"
МУНИЦИПАЛЬНОЕ ПРЕДПРИЯТИЕ ГОРОДА КРАСНОЯРСКА ""МУНИЦИПАЛЬНАЯ УПРАВЛЯЮЩАЯ КОМПАНИЯ КРАСНОЯРСКАЯ""
",2460000726,73912652549
225,"МУНИЦИПАЛЬНОЕ АВТОНОМНОЕ УЧРЕЖДЕНИЕ ""КОМБИНАТ ДЕТСКОГО ПИТАНИЯ""",3801068292,+8 (3955) 512628
226,"
МУНИЦИПАЛЬНОЕ ПРЕДПРИЯТИЕ ГОРОДА КРАСНОЯРСКА ""МУНИЦИПАЛЬНАЯ УПРАВЛЯЮЩАЯ КОМПАНИЯ КРАСНОЯРСКАЯ""
",2460000726,73912652549
227,РТС-тендер,7536115704,+7 (3022) 720048
228,"МУНИЦИПАЛЬНОЕ АВТОНОМНОЕ УЧРЕЖДЕНИЕ ""КОМБИНАТ ДЕТСКОГО ПИТАНИЯ""",3801068292,+8 (3955) 512628
229,Универсальная электронная торговая площадка ESTP.RU,6612047373,"+3439 (379828) , доб.: 192"
230,Универсальная электронная торговая площадка ESTP.RU,6612047373,"+3439 (379828) , доб.: 192"
231,"МУНИЦИПАЛЬНОЕ АВТОНОМНОЕ УЧРЕЖДЕНИЕ ""КОМБИНАТ ДЕТСКОГО ПИТАНИЯ""",3801068292,+8 (3955) 512628
232,РТС-тендер,3013002956,+78514025103 () 102
233,"МУНИЦИПАЛЬНОЕ УНИТАРНОЕ ПРЕДПРИЯТИЕ МУНИЦИПАЛЬНОГО ОБРАЗОВАНИЯ ГОРОД НЯГАНЬ ""КОМБИНАТ ПИТАНИЯ""",8610008132,+7 (34672) 54525
234,РТС-тендер,2451000198,+7 (391) 2373223
235,"МУНИЦИПАЛЬНОЕ АВТОНОМНОЕ УЧРЕЖДЕНИЕ ""КОМБИНАТ ДЕТСКОГО ПИТАНИЯ""",3801068292,+8 (3955) 512628
236,"
ГОСУДАРСТВЕННОЕ АВТОНОМНОЕ УЧРЕЖДЕНИЕ СОЦИАЛЬНОГО ОБСЛУЖИВАНИЯ НАСЕЛЕНИЯ РЕСПУБЛИКАНСКИЙ ГЕРОНТОЛОГИЧЕСКИЙ ЦЕНТР ""ИМЕНЛЕК""
",0276012797,89273207615
237,"
МУНИЦИПАЛЬНОЕ УНИТАРНОЕ ПРЕДПРИЯТИЕ ""ОБЩЕПИТ"" ГОРОДСКОГО ОКРУГА ГОРОД САЛАВАТ РЕСПУБЛИКИ БАШКОРТОСТАН
",0266001524,+8 (3476) 327355
238,"
ГОСУДАРСТВЕННОЕ АВТОНОМНОЕ УЧРЕЖДЕНИЕ СОЦИАЛЬНОГО ОБСЛУЖИВАНИЯ НАСЕЛЕНИЯ РЕСПУБЛИКАНСКИЙ ГЕРОНТОЛОГИЧЕСКИЙ ЦЕНТР ""ИМЕНЛЕК""
",0276012797,89273207615
239,ЭТП «Торги 223»,6617023947,+7 (343) 8031159
240,"
ГОСУДАРСТВЕННОЕ АВТОНОМНОЕ УЧРЕЖДЕНИЕ СОЦИАЛЬНОГО ОБСЛУЖИВАНИЯ НАСЕЛЕНИЯ РЕСПУБЛИКАНСКИЙ ГЕРОНТОЛОГИЧЕСКИЙ ЦЕНТР ""ИМЕНЛЕК""
",0276012797,89273207615
241,"МУНИЦИПАЛЬНОЕ АВТОНОМНОЕ УЧРЕЖДЕНИЕ ""КОМБИНАТ ДЕТСКОГО ПИТАНИЯ""",3801068292,+8 (3955) 512628
242,"
ГОСУДАРСТВЕННОЕ АВТОНОМНОЕ УЧРЕЖДЕНИЕ СОЦИАЛЬНОГО ОБСЛУЖИВАНИЯ НАСЕЛЕНИЯ РЕСПУБЛИКАНСКИЙ ГЕРОНТОЛОГИЧЕСКИЙ ЦЕНТР ""ИМЕНЛЕК""
",0276012797,89273207615
243,РТС-тендер,7702352454,13.09.2022 00:00 (МСК)
244,"МУНИЦИПАЛЬНОЕ АВТОНОМНОЕ ДОШКОЛЬНОЕ ОБРАЗОВАТЕЛЬНОЕ УЧРЕЖДЕНИЕ ДЕТСКИЙ САД КОМБИНИРОВАННОГО ВИДА № 42 ""ОГОНЕК""",6632022521,+34 (385) 72497
245,"
ГОСУДАРСТВЕННОЕ АВТОНОМНОЕ УЧРЕЖДЕНИЕ СОЦИАЛЬНОГО ОБСЛУЖИВАНИЯ НАСЕЛЕНИЯ РЕСПУБЛИКАНСКИЙ ГЕРОНТОЛОГИЧЕСКИЙ ЦЕНТР ""ИМЕНЛЕК""
",0276012797,89273207615
246,"
ГОСУДАРСТВЕННОЕ УНИТАРНОЕ ПРЕДПРИЯТИЕ КРАСНОДАРСКОГО КРАЯ ""КУБАНЬВОДКОМПЛЕКС""
",2310010637,+8 (861) 2267320
247,"ФЕДЕРАЛЬНОЕ ГОСУДАРСТВЕННОЕ БЮДЖЕТНОЕ НАУЧНОЕ УЧРЕЖДЕНИЕ ""ФЕДЕРАЛЬНЫЙ НАУЧНЫЙ ЦЕНТР РИСА""",2311028161,"+8 (861) 2051555, доб.: 110"
248,ЭЛЕКТРОННАЯ ТОРГОВАЯ ПЛОЩАДКА РЕГИОН,2128018510,+7 (835) 2224398
249,"МУНИЦИПАЛЬНОЕ УНИТАРНОЕ ПРЕДПРИЯТИЕ ""ВОЛГОГРАДСКОЕ ПАССАЖИРСКОЕ АВТОТРАНСПОРТНОЕ ПРЕДПРИЯТИЕ № 7""",3447005340,+7 (8442) 435573
250,РТС-тендер,4101036120,84152233539
251,"МУНИЦИПАЛЬНОЕ УНИТАРНОЕ ПРЕДПРИЯТИЕ ""ВОЛГОГРАДСКОЕ ПАССАЖИРСКОЕ АВТОТРАНСПОРТНОЕ ПРЕДПРИЯТИЕ № 7""",3447005340,+7 (8442) 435573
252,АО «Сбербанк-АСТ» (УТП),7704191019,7 862 2273643 7 862 2273020
253,"МУНИЦИПАЛЬНОЕ АВТОНОМНОЕ УЧРЕЖДЕНИЕ ""КОМБИНАТ ДЕТСКОГО ПИТАНИЯ""",3801068292,+8 (3955) 512628
254,"АКЦИОНЕРНОЕ ОБЩЕСТВО ""ТЭК-ТОРГ""",1435034455,13.09.2022 00:00 (МСК+6)
255,АО «Сбербанк-АСТ» (УТП),5256122751,89200426974
256,"ГОСУДАРСТВЕННОЕ БЮДЖЕТНОЕ УЧРЕЖДЕНИЕ КУЛЬТУРЫ КАЛУЖСКОЙ ОБЛАСТИ ""КАЛУЖСКИЙ ОРДЕНА ТРУДОВОГО КРАСНОГО ЗНАМЕНИ ОБЛАСТНОЙ ДРАМАТИЧЕСКИЙ ТЕАТР""",4027021421,+7 (4842) 560054
257,ФЕДЕРАЛЬНОЕ ГОСУДАРСТВЕННОЕ БЮДЖЕТНОЕ УЧРЕЖДЕНИЕ НАУКИ ИНСТИТУТ ГЕОФИЗИКИ ИМ. Ю.П.БУЛАШЕВИЧА УРАЛЬСКОГО ОТДЕЛЕНИЯ РОССИЙСКОЙ АКАДЕМИИ НАУК,6661000392,+8 (343) 2678945
258,ЭЛЕКТРОННАЯ ТОРГОВАЯ ПЛОЩАДКА РЕГИОН,0269998106,+7 (34782) 91215
259,"
ГОСУДАРСТВЕННОЕ УНИТАРНОЕ ПРЕДПРИЯТИЕ КРАСНОДАРСКОГО КРАЯ ""КУБАНЬВОДКОМПЛЕКС""
",2310010637,+8 (861) 2267320
260,АО «Сбербанк-АСТ» (УТП),7704191019,7 862 2273643 7 862 2273020
261,РТС-тендер,4223127015,05.09.2022 00:00 (МСК+4)
262,РТС-тендер,6318320229,12.09.2022 00:00 (МСК+1)
263,"
ГОСУДАРСТВЕННОЕ АВТОНОМНОЕ УЧРЕЖДЕНИЕ САРАТОВСКОЙ ОБЛАСТИ ""БАЛАШОВСКИЙ ДОМ-ИНТЕРНАТ ДЛЯ ПРЕСТАРЕЛЫХ И ИНВАЛИДОВ""
",6440004254,+8 (84545) 54417
264,"МУНИЦИПАЛЬНОЕ АВТОНОМНОЕ УЧРЕЖДЕНИЕ ""КОМБИНАТ ДЕТСКОГО ПИТАНИЯ""",3801068292,+8 (3955) 512628
265,"
МУНИЦИПАЛЬНОЕ ПРЕДПРИЯТИЕ ГОРОДА КРАСНОЯРСКА ""МУНИЦИПАЛЬНАЯ УПРАВЛЯЮЩАЯ КОМПАНИЯ КРАСНОЯРСКАЯ""
",2460000726,73912652549
266,"
МУНИЦИПАЛЬНОЕ АВТОНОМНОЕ ДОШКОЛЬНОЕ ОБРАЗОВАТЕЛЬНОЕ УЧРЕЖДЕНИЕ ГОРОДА НИЖНЕВАРТОВСКА ДЕТСКИЙ САД №5 ""МЕЧТА""
",8603219809,73466425599
267,ЭЛЕКТРОННАЯ ТОРГОВАЯ ПЛОЩАДКА РЕГИОН,5507020290,79040714123
268,"МУНИЦИПАЛЬНОЕ АВТОНОМНОЕ УЧРЕЖДЕНИЕ ""КОМБИНАТ ДЕТСКОГО ПИТАНИЯ""",3801068292,+8 (3955) 512628
269,"
МУНИЦИПАЛЬНОЕ АВТОНОМНОЕ ДОШКОЛЬНОЕ ОБРАЗОВАТЕЛЬНОЕ УЧРЕЖДЕНИЕ ГОРОДА НИЖНЕВАРТОВСКА ДЕТСКИЙ САД №5 ""МЕЧТА""
",8603219809,73466425599
270,Универсальная электронная торговая площадка ESTP.RU,8603219809,+7 (3466) 425599
271,РТС-тендер,6730020716,74812208004
272,"ОБЩЕСТВО С ОГРАНИЧЕННОЙ ОТВЕТСТВЕННОСТЬЮ ""БУГУЛЬМА-ВОДОКАНАЛ""",1645016886,+8 (85594) 42224
273,"
МУНИЦИПАЛЬНОЕ АВТОНОМНОЕ ДОШКОЛЬНОЕ ОБРАЗОВАТЕЛЬНОЕ УЧРЕЖДЕНИЕ ГОРОДА НИЖНЕВАРТОВСКА ДЕТСКИЙ САД №5 ""МЕЧТА""
",8603219809,73466425599
274,РТС-тендер,6730020716,74812208004
275,ЭТП «Торги 223»,7204006910,+7 (3452) 270508
276,РТС-тендер,1101205944,7 8212 328962  137
277,"АКЦИОНЕРНОЕ ОБЩЕСТВО ""ТЭК-ТОРГ""",4701004642,78136624540
278,"АКЦИОНЕРНОЕ ОБЩЕСТВО "" АНТИПИНСКОЕ""",2278002766,+838 (597) 23423
279,"
МУНИЦИПАЛЬНОЕ АВТОНОМНОЕ ДОШКОЛЬНОЕ ОБРАЗОВАТЕЛЬНОЕ УЧРЕЖДЕНИЕ ГОРОДА НИЖНЕВАРТОВСКА ДЕТСКИЙ САД №5 ""МЕЧТА""
",8603219809,73466425599
280,"ГОСУДАРСТВЕННОЕ ОБЛАСТНОЕ АВТОНОМНОЕ УЧРЕЖДЕНИЕ ЗДРАВООХРАНЕНИЯ ""МУРМАНСКИЙ ОБЛАСТНОЙ ЦЕНТР СПЕЦИАЛИЗИРОВАННЫХ ВИДОВ МЕДИЦИНСКОЙ ПОМОЩИ""",5190046539,+7 (8152) 225218
281,"КРАЕВОЕ ГОСУДАРСТВЕННОЕ УНИТАРНОЕ ПРЕДПРИЯТИЕ ""АВТОМОБИЛЬНЫЕ ДОРОГИ ЗАБАЙКАЛЬЯ""",7536002877,+7 (3022) 237039
282,"КРАЕВОЕ ГОСУДАРСТВЕННОЕ УНИТАРНОЕ ПРЕДПРИЯТИЕ ""АВТОМОБИЛЬНЫЕ ДОРОГИ ЗАБАЙКАЛЬЯ""",7536002877,+7 (3022) 237039
283,"КРАЕВОЕ ГОСУДАРСТВЕННОЕ УНИТАРНОЕ ПРЕДПРИЯТИЕ ""АВТОМОБИЛЬНЫЕ ДОРОГИ ЗАБАЙКАЛЬЯ""",7536002877,+7 (3022) 237039
284,ЭЛЕКТРОННАЯ ТОРГОВАЯ ПЛОЩАДКА РЕГИОН,5507020290,+7904 (07141) 23
285,ЭЛЕКТРОННАЯ ТОРГОВАЯ ПЛОЩАДКА РЕГИОН,2453021235,79135816481
286,"
ГОСУДАРСТВЕННОЕ АВТОНОМНОЕ УЧРЕЖДЕНИЕ СОЦИАЛЬНОГО ОБСЛУЖИВАНИЯ АМУРСКОЙ ОБЛАСТИ ""БЛАГОВЕЩЕНСКИЙ ДОМ-ИНТЕРНАТ""
",2801037084,+7 (924) 6796989
287,"
МУНИЦИПАЛЬНОЕ АВТОНОМНОЕ ОБЩЕОБРАЗОВАТЕЛЬНОЕ УЧРЕЖДЕНИЕ ""ЛИЦЕЙ № 6 ""ПЕРСПЕКТИВА""
",2461023902,+7 (391) 2607201
288,"МУНИЦИПАЛЬНОЕ АВТОНОМНОЕ УЧРЕЖДЕНИЕ ""КОМБИНАТ ДЕТСКОГО ПИТАНИЯ""",3801068292,+8 (3955) 512628
289,"
ГОСУДАРСТВЕННОЕ АВТОНОМНОЕ УЧРЕЖДЕНИЕ РЕСПУБЛИКИ САХА (ЯКУТИЯ) ""РЕСПУБЛИКАНСКАЯ КЛИНИЧЕСКАЯ БОЛЬНИЦА №3""
",1435024023,89143061982
290,"ФЕДЕРАЛЬНОЕ ГОСУДАРСТВЕННОЕ БЮДЖЕТНОЕ ОБРАЗОВАТЕЛЬНОЕ УЧРЕЖДЕНИЕ ВЫСШЕГО ОБРАЗОВАНИЯ ""АЛТАЙСКИЙ ГОСУДАРСТВЕННЫЙ УНИВЕРСИТЕТ""",2225004738,+7 (3852) 291292
291,ФЕДЕРАЛЬНОЕ ГОСУДАРСТВЕННОЕ БЮДЖЕТНОЕ УЧРЕЖДЕНИЕ НАУКИ ИНСТИТУТ БИООРГАНИЧЕСКОЙ ХИМИИ ИМ. АКАДЕМИКОВ М.М. ШЕМЯКИНА И Ю.А. ОВЧИННИКОВА РОССИЙСКОЙ АКАДЕМИИ НАУК,7728045419,+7 (905) 5097221
292,"
ГОСУДАРСТВЕННОЕ УНИТАРНОЕ ПРЕДПРИЯТИЕ КРАСНОДАРСКОГО КРАЯ ""КУБАНЬВОДКОМПЛЕКС""
",2310010637,+8 (861) 2267320
293,"
ГОСУДАРСТВЕННОЕ АВТОНОМНОЕ УЧРЕЖДЕНИЕ СОЦИАЛЬНОГО ОБСЛУЖИВАНИЯ НАСЕЛЕНИЯ РЕСПУБЛИКАНСКИЙ ГЕРОНТОЛОГИЧЕСКИЙ ЦЕНТР ""ИМЕНЛЕК""
",0276012797,89273207615
294,АО «Сбербанк-АСТ» (УТП),7708652888,+8 (861) 2241593
295,"МУНИЦИПАЛЬНОЕ УНИТАРНОЕ ПРЕДПРИЯТИЕ ТИХОРЕЦКОГО ГОРОДСКОГО ПОСЕЛЕНИЯ ТИХОРЕЦКОГО РАЙОНА ""КОМБИНАТ КОММУНАЛЬНЫХ ПРЕДПРИЯТИЙ И БЛАГОУСТРОЙСТВА""",2321007675,+8 (86196) 76134
296,РТС-тендер,4223127015,05.09.2022 00:00 (МСК+4)
297,РТС-тендер,6318320229,12.09.2022 00:00 (МСК+1)
298,"
ГОСУДАРСТВЕННОЕ АВТОНОМНОЕ УЧРЕЖДЕНИЕ САРАТОВСКОЙ ОБЛАСТИ ""БАЛАШОВСКИЙ ДОМ-ИНТЕРНАТ ДЛЯ ПРЕСТАРЕЛЫХ И ИНВАЛИДОВ""
",6440004254,+8 (84545) 54417
299,"МУНИЦИПАЛЬНОЕ АВТОНОМНОЕ УЧРЕЖДЕНИЕ ""КОМБИНАТ ДЕТСКОГО ПИТАНИЯ""",3801068292,+8 (3955) 512628
300,"
МУНИЦИПАЛЬНОЕ ПРЕДПРИЯТИЕ ГОРОДА КРАСНОЯРСКА ""МУНИЦИПАЛЬНАЯ УПРАВЛЯЮЩАЯ КОМПАНИЯ КРАСНОЯРСКАЯ""
",2460000726,73912652549
301,"МУНИЦИПАЛЬНОЕ АВТОНОМНОЕ УЧРЕЖДЕНИЕ ""КОМБИНАТ ДЕТСКОГО ПИТАНИЯ""",3801068292,+8 (3955) 512628
302,"МУНИЦИПАЛЬНОЕ АВТОНОМНОЕ ДОШКОЛЬНОЕ ОБРАЗОВАТЕЛЬНОЕ УЧРЕЖДЕНИЕ ДЕТСКИЙ САД № 24 ""КОЛОСОК"" МУНИЦИПАЛЬНОГО ОБРАЗОВАНИЯ ГОРОД-КУРОРТ АНАПА",2301080807,+8 (86133) 76138
303,"
ГОСУДАРСТВЕННОЕ АВТОНОМНОЕ СТАЦИОНАРНОЕ УЧРЕЖДЕНИЕ СОЦИАЛЬНОГО ОБСЛУЖИВАНИЯ ГРАЖДАН ПОЖИЛОГО ВОЗРАСТА И ИНВАЛИДОВ СИСТЕМЫ СОЦИАЛЬНОЙ ЗАЩИТЫ НАСЕЛЕНИЯ ПЕНЗЕНСКОЙ ОБЛАСТИ ""ГРАБОВСКИЙ ПСИХОНЕВРОЛОГИЧЕСКИЙ ИНТЕРНАТ""
",5809012778,78414023680
304,"АКЦИОНЕРНОЕ ОБЩЕСТВО ""ПРОИЗВОДСТВЕННОЕ ОБЪЕДИНЕНИЕ ВОДОКАНАЛ""",4223030694,+7 (3846) 612606
305,ФЕДЕРАЛЬНОЕ ГОСУДАРСТВЕННОЕ БЮДЖЕТНОЕ УЧРЕЖДЕНИЕ НАУКИ ИНСТИТУТ БИООРГАНИЧЕСКОЙ ХИМИИ ИМ. АКАДЕМИКОВ М.М. ШЕМЯКИНА И Ю.А. ОВЧИННИКОВА РОССИЙСКОЙ АКАДЕМИИ НАУК,7728045419,+7 (905) 5097221
306,"
МУНИЦИПАЛЬНОЕ ПРЕДПРИЯТИЕ ГОРОДА КРАСНОЯРСКА ""МУНИЦИПАЛЬНАЯ УПРАВЛЯЮЩАЯ КОМПАНИЯ КРАСНОЯРСКАЯ""
",2460000726,73912652549
307,"ГОСУДАРСТВЕННОЕ УНИТАРНОЕ ПРЕДПРИЯТИЕ РЕСПУБЛИКИ БАШКОРТОСТАН ""МЕЖРАЙКОММУНВОДОКАНАЛ""",0262000343,+7 (34761) 43623
308,"
МУНИЦИПАЛЬНОЕ АВТОНОМНОЕ ОБЩЕОБРАЗОВАТЕЛЬНОЕ УЧРЕЖДЕНИЕ ""ЛИЦЕЙ № 6 ""ПЕРСПЕКТИВА""
",2461023902,+7 (391) 2607201
309,"МУНИЦИПАЛЬНОЕ АВТОНОМНОЕ УЧРЕЖДЕНИЕ ""КОМБИНАТ ДЕТСКОГО ПИТАНИЯ""",3801068292,+8 (3955) 512628
310,"
ОТКРЫТОЕ АКЦИОНЕРНОЕ ОБЩЕСТВО ""СВЕРДЛОВСКИЙ КОМБИНАТ ХЛЕБОПРОДУКТОВ""
",6662001134,+7 (343) 2145355
311,"
ОТКРЫТОЕ АКЦИОНЕРНОЕ ОБЩЕСТВО ""СВЕРДЛОВСКИЙ КОМБИНАТ ХЛЕБОПРОДУКТОВ""
",6662001134,+7 (343) 2145355
312,"
ОТКРЫТОЕ АКЦИОНЕРНОЕ ОБЩЕСТВО ""СВЕРДЛОВСКИЙ КОМБИНАТ ХЛЕБОПРОДУКТОВ""
",6662001134,+7 (343) 2145355
313,"
ОТКРЫТОЕ АКЦИОНЕРНОЕ ОБЩЕСТВО ""СВЕРДЛОВСКИЙ КОМБИНАТ ХЛЕБОПРОДУКТОВ""
",6662001134,+7 (343) 2145355
314,"
ГОСУДАРСТВЕННОЕ АВТОНОМНОЕ УЧРЕЖДЕНИЕ ЗДРАВООХРАНЕНИЯ МЕЧЕТЛИНСКИЙ САНАТОРИЙ ДЛЯ ДЕТЕЙ С РОДИТЕЛЯМИ РЕСПУБЛИКИ БАШКОРТОСТАН
",0236012952,73477020806
315,"
ГОСУДАРСТВЕННОЕ АВТОНОМНОЕ УЧРЕЖДЕНИЕ ЗДРАВООХРАНЕНИЯ МЕЧЕТЛИНСКИЙ САНАТОРИЙ ДЛЯ ДЕТЕЙ С РОДИТЕЛЯМИ РЕСПУБЛИКИ БАШКОРТОСТАН
",0236012952,73477020806
316,"
ГОСУДАРСТВЕННОЕ АВТОНОМНОЕ УЧРЕЖДЕНИЕ ЗДРАВООХРАНЕНИЯ СВЕРДЛОВСКОЙ ОБЛАСТИ ""ТАВДИНСКАЯ ЦЕНТРАЛЬНАЯ РАЙОНННАЯ БОЛЬНИЦА""
",6676002804,05.09.2022 00:00 (МСК+2)
317,"
ГОСУДАРСТВЕННОЕ АВТОНОМНОЕ УЧРЕЖДЕНИЕ ЗДРАВООХРАНЕНИЯ ""КУЗБАССКАЯ КЛИНИЧЕСКАЯ ИНФЕКЦИОННАЯ БОЛЬНИЦА""
",4206012871,+7 (3842) 901572
318,"МУНИЦИПАЛЬНОЕ АВТОНОМНОЕ УЧРЕЖДЕНИЕ ""КОМБИНАТ ДЕТСКОГО ПИТАНИЯ""",3801068292,+8 (3955) 512628
319,АО «Сбербанк-АСТ» (УТП),7704191019,7 862 2273020 7 862 2273096
320,РТС-тендер,4216003989,+8 (3843) 324896
321,МУНИЦИПАЛЬНОЕ БЮДЖЕТНОЕ УЧРЕЖДЕНИЕ КУЛЬТУРЫ ДОМ КУЛЬТУРЫ ИМЕНИ В.П.НОГИНА,3305004220,+7 (49232) 48260
322,"
МУНИЦИПАЛЬНОЕ АВТОНОМНОЕ УЧРЕЖДЕНИЕ ""ХОЗЯЙСТВЕННО-ЭКСПЛУАТАЦИОННАЯ СЛУЖБА ГОРОДСКОГО ОКРУГА ЧЕХОВ""
",5048053881,79162562050
323,РТС-тендер,2801247050,+7 (416) 2340344
